,term,weight
0,10,0.00829597590562927
1,10th,0.0036511161336242708
2,11,0.00259309972131155
3,12,0.0019824732737634796
4,12pm,0.00259309972131155
5,15,0.013737959342334499
6,1cm,0.0040307724289475825
7,20,0.008116535416781971
8,2008,0.003054899876965973
9,2009,0.0014368096739100728
10,2016,0.0014368096739100728
11,2018,0.0014368096739100728
12,2020,0.0014368096739100728
13,25,0.00259309972131155
14,30,0.007916247216473883
15,30pm,0.003438469521325432
16,48,0.0014368096739100728
17,50,0.0019824732737634796
18,7mins,0.0040307724289475825
19,8pm,0.0019824732737634796
20,99,0.012755964300386788
21,9th,0.0014368096739100728
22,absolutely,0.003487499383090602
23,accommodating,0.003712129346484172
24,account,0.003054899876965973
25,add,0.006058524222155819
26,added,0.00259309972131155
27,adding,0.002299343200793123
28,addressing,0.004560636455481702
29,advertised,0.002714551837998043
30,advertisement,0.0034501590000341783
31,advertising,0.002714551837998043
32,affordable,0.003054899876965973
33,afternoon,0.003487499383090602
34,age,0.0015952889597904577
35,ages,0.004569717729836361
36,ago,0.007132792518969189
37,aid,0.0014368096739100728
38,airplane,0.0021859652566122937
39,ajar,0.004190923600992729
40,album,0.0014368096739100728
41,alert,0.0014368096739100728
42,alright,0.006469655559114102
43,altogether,0.0019824732737634796
44,alum,0.0030026689274331862
45,americans,0.004840885307429741
46,angle,0.0014368096739100728
47,angry,0.004939131469852109
48,animal,0.0014368096739100728
49,annoyed,0.0046916108621751
50,answer,0.003964946547526959
51,answered,0.004248284861049608
52,anxiety,0.003054899876965973
53,anyways,0.006105203463675782
54,apartment,0.0014368096739100728
55,apathetic,0.006149684282755503
56,apology,0.006446333979466277
57,app,0.00493697291052927
58,appetizing,0.0034501590000341783
59,appreciate,0.003428652078586774
60,april,0.0014368096739100728
61,area,0.010394596724134317
62,arrive,0.0014368096739100728
63,arrived,0.007963409340075066
64,ask,0.009715461752252031
65,asking,0.0034501590000341783
66,ass,0.0040307724289475825
67,assembled,0.0021859652566122937
68,associate,0.003222174582537362
69,atrocious,0.0021859652566122937
70,attack,0.004840885307429741
71,attempt,0.002551527220692189
72,attempting,0.002882745633788579
73,attendant,0.003428652078586774
74,attention,0.008497931781323988
75,attitude,0.003487499383090602
76,automatically,0.0034258402929175295
77,average,0.006620696855703151
78,avoid,0.0019824732737634796
79,away,0.009491785530639486
80,awesome,0.0030399879854010443
81,awful,0.004883299304875766
82,awhile,0.007817107120077422
83,bacon,0.005429103675996086
84,bad,0.013562865862626734
85,bag,0.007810473333828503
86,baking,0.0014368096739100728
87,band,0.0015952889597904577
88,bank,0.003054899876965973
89,bar,0.003712129346484172
90,barely,0.004732258008286716
91,barked,0.003487499383090602
92,based,0.006149684282755503
93,batter,0.004408978559355597
94,battered,0.0038163942413324383
95,battle,0.003054899876965973
96,bbq,0.008380440028967378
97,bc,0.0019824732737634796
98,beauty,0.0034501590000341783
99,bee,0.002714551837998043
100,beef,0.0015952889597904577
101,believe,0.0030026689274331862
102,bell,0.01804414481485006
103,beloved,0.0015952889597904577
104,bigger,0.0040307724289475825
105,biscuit,0.016337705654505208
106,biscuits,0.005846703056562286
107,bite,0.0046916108621751
108,bland,0.002299343200793123
109,bleak,0.0014368096739100728
110,blight,0.0015952889597904577
111,blind,0.0014368096739100728
112,bliss,0.0014368096739100728
113,blood,0.0014368096739100728
114,bloodshot,0.0014368096739100728
115,blurring,0.0014368096739100728
116,body,0.0014368096739100728
117,bojack,0.0014368096739100728
118,bone,0.0040307724289475825
119,bones,0.0040307724289475825
120,border,0.004151742599551138
121,boring,0.0060799759708020885
122,bothering,0.003428652078586774
123,bought,0.0046916108621751
124,bowl,0.0043104290217302185
125,box,0.007057407708856116
126,boy,0.0054697035231268485
127,brain,0.0014368096739100728
128,bread,0.00853973095841127
129,breading,0.0075697556472186026
130,break,0.0014368096739100728
131,breast,0.012437486454417754
132,breastmeat,0.004933168445710518
133,breath,0.0021859652566122937
134,bring,0.006194243285731308
135,brioche,0.002551527220692189
136,broadmoor,0.002505857188724653
137,bubble,0.0014368096739100728
138,buck,0.0034501590000341783
139,bucket,0.0068100878689423515
140,buffet,0.0015952889597904577
141,build,0.0021859652566122937
142,building,0.0030026689274331862
143,bump,0.002551527220692189
144,burger,0.0015952889597904577
145,burnt,0.002299343200793123
146,burrito,0.0021859652566122937
147,business,0.009640503736731976
148,busy,0.01247619165695845
149,cain,0.0019824732737634796
150,cake,0.0038163942413324383
151,calf,0.0014368096739100728
152,calling,0.007555052910982889
153,camping,0.0014368096739100728
154,canadian,0.004840885307429741
155,canceled,0.006446333979466277
156,canes,0.0030026689274331862
157,car,0.008516220472808922
158,care,0.01774798063909266
159,carolyn,0.0038163942413324383
160,case,0.003428652078586774
161,cashier,0.009362704479052146
162,catastrophe,0.005529350620492983
163,cause,0.005529350620492983
164,center,0.0014368096739100728
165,centre,0.0034501590000341783
166,certain,0.004408978559355597
167,certainly,0.002551527220692189
168,chain,0.006577357386292448
169,chance,0.009930971408220635
170,change,0.003438469521325432
171,changed,0.006447294993825689
172,changing,0.002299343200793123
173,chaotic,0.0014368096739100728
174,charged,0.003438469521325432
175,chatting,0.004560636455481702
176,cheap,0.0021859652566122937
177,check,0.005162975958263094
178,checked,0.0052901372273382215
179,cheeto,0.006561792179168247
180,cheetos,0.009666523747612085
181,chick,0.00809127853486921
182,chik,0.0030026689274331862
183,chili,0.0014368096739100728
184,chip,0.003222174582537362
185,choice,0.00440565085486565
186,choose,0.0034258402929175295
187,chosen,0.0014368096739100728
188,church,0.006633767541449703
189,city,0.002551527220692189
190,clarify,0.004190923600992729
191,clean,0.004942147971449255
192,cleanest,0.004569717729836361
193,close,0.004248284861049608
194,closing,0.009040980600536612
195,clown,0.004147987952814635
196,clueless,0.005529350620492983
197,coat,0.003516672106894889
198,coating,0.003222174582537362
199,coke,0.0015952889597904577
200,cold,0.01665526042317966
201,colder,0.003054899876965973
202,coldly,0.0034258402929175295
203,cole,0.008648236901365736
204,coleslaw,0.003964946547526959
205,colonel,0.012850191345764934
206,combined,0.004933168445710518
207,combo,0.012553175878690623
208,comfort,0.003054899876965973
209,coming,0.007068264980809409
210,comment,0.006561360365635028
211,commercial,0.002714551837998043
212,commercials,0.002714551837998043
213,company,0.003712129346484172
214,compared,0.005378006223849412
215,comparison,0.0021859652566122937
216,compete,0.0030399879854010443
217,competition,0.003428652078586774
218,competitor,0.007703735065572934
219,completely,0.005529350620492983
220,confirm,0.0052901372273382215
221,confirmed,0.002551527220692189
222,cons,0.00259309972131155
223,consider,0.0015952889597904577
224,consistency,0.003222174582537362
225,consistent,0.0056145532897105025
226,contemplate,0.0036511161336242708
227,continued,0.0015952889597904577
228,contracting,0.003054899876965973
229,convenience,0.0021859652566122937
230,cooked,0.006149684282755503
231,cookie,0.00440565085486565
232,cooking,0.007355501745362453
233,copy,0.004569717729836361
234,corn,0.0014368096739100728
235,coronavirus,0.003054899876965973
236,correct,0.00861349573086962
237,correctly,0.003222174582537362
238,couldn,0.0015952889597904577
239,count,0.0021859652566122937
240,counter,0.014930126747713364
241,couple,0.006074120881453961
242,course,0.003222174582537362
243,cover,0.004933168445710518
244,covering,0.0014368096739100728
245,cow,0.004402097961494715
246,craving,0.009540595814184415
247,cravings,0.0015952889597904577
248,creamy,0.003222174582537362
249,credit,0.0046916108621751
250,creek,0.0030026689274331862
251,crew,0.004248284861049608
252,crisp,0.002551527220692189
253,crispier,0.00259309972131155
254,crunchy,0.0068780691511226375
255,cue,0.004110092434663622
256,cup,0.004190923600992729
257,customers,0.007213956795725694
258,cut,0.004190923600992729
259,dab,0.002299343200793123
260,dad,0.005415415537645135
261,damn,0.004569717729836361
262,dare,0.004198904723152322
263,darn,0.010133716171263003
264,dat,0.0031905779195809153
265,daughter,0.003712129346484172
266,dead,0.0046916108621751
267,deal,0.002505857188724653
268,decades,0.003054899876965973
269,decency,0.003428652078586774
270,decent,0.006816001148056288
271,decided,0.015205189743663455
272,deciding,0.0014368096739100728
273,decision,0.0036511161336242708
274,dee,0.002714551837998043
275,deep,0.0015952889597904577
276,defeat,0.0030399879854010443
277,delicious,0.012882545533158325
278,delivered,0.004052754122379953
279,delivery,0.0019824732737634796
280,depressing,0.0014368096739100728
281,desert,0.002882745633788579
282,designed,0.005325705719902606
283,desk,0.0015952889597904577
284,destruction,0.0036511161336242708
285,devices,0.0014368096739100728
286,dew,0.003087453826669767
287,did,0.01498609080931953
288,died,0.004840885307429741
289,different,0.0030026689274331862
290,difficult,0.003222174582537362
291,dimension,0.0014368096739100728
292,dining,0.005325705719902606
293,dinner,0.0019824732737634796
294,direct,0.002551527220692189
295,dirt,0.0030026689274331862
296,disappoint,0.002551527220692189
297,disappointed,0.0034501590000341783
298,disappointment,0.003438469521325432
299,discovered,0.0034258402929175295
300,disgusting,0.014826129165658283
301,dislike,0.002299343200793123
302,dispenser,0.002505857188724653
303,disposable,0.0015952889597904577
304,disrespectful,0.004402097961494715
305,distracted,0.004933168445710518
306,ditch,0.002714551837998043
307,doe,0.011137115585733959
308,doesn,0.006689368973285566
309,doing,0.004933168445710518
310,dollar,0.003438469521325432
311,dominates,0.002714551837998043
312,dont,0.006149684282755503
313,donut,0.017321991399380704
314,door,0.0028736193478201455
315,double,0.006343231715411877
316,doublicious,0.002714551837998043
317,doubt,0.006149684282755503
318,dr,0.004190923600992729
319,dreadful,0.006149684282755503
320,dream,0.005008595194770496
321,dreamed,0.0014368096739100728
322,drilled,0.0014368096739100728
323,drink,0.008169368121129676
324,drinking,0.0014368096739100728
325,drinks,0.004408978559355597
326,drity,0.0060053378548663725
327,driver,0.0014368096739100728
328,driving,0.0014368096739100728
329,drop,0.0014368096739100728
330,drum,0.007517571566173958
331,drums,0.002505857188724653
332,drumstick,0.0040307724289475825
333,duh,0.0040307724289475825
334,duty,0.002882745633788579
335,early,0.003487499383090602
336,east,0.002551527220692189
337,easy,0.0014368096739100728
338,eaten,0.006635752882421126
339,eateries,0.002714551837998043
340,eating,0.005080072351297165
341,eats,0.0032711976439431106
342,economy,0.003054899876965973
343,efficient,0.0034501590000341783
344,eh,0.0034258402929175295
345,ell,0.002714551837998043
346,embarrassment,0.0038163942413324383
347,embrace,0.0036511161336242708
348,employee,0.009760997915403302
349,end,0.006312507096983451
350,ended,0.004349946019741372
351,enhanced,0.002551527220692189
352,enjoy,0.0038163942413324383
353,enjoyed,0.003222174582537362
354,enjoying,0.0014368096739100728
355,entertained,0.002551527220692189
356,entire,0.003428652078586774
357,eqt,0.0015952889597904577
358,equivalent,0.004110092434663622
359,especially,0.005846703056562286
360,establishment,0.006577357386292448
361,everybody,0.0021859652566122937
362,exact,0.0019824732737634796
363,exceed,0.004569717729836361
364,excellent,0.004190923600992729
365,exceptional,0.002505857188724653
366,excuse,0.008298351321836282
367,expectations,0.004933168445710518
368,expected,0.0015952889597904577
369,experience,0.005361418354120346
370,extensive,0.0014368096739100728
371,extra,0.007424258692968344
372,extreme,0.007411584726481628
373,eye,0.004055805282384427
374,face,0.0014368096739100728
375,fact,0.0034258402929175295
376,fail,0.0040307724289475825
377,failing,0.002551527220692189
378,fair,0.003712129346484172
379,fallen,0.0014368096739100728
380,false,0.002714551837998043
381,family,0.0019824732737634796
382,famous,0.00857657336203813
383,fan,0.009613235189912878
384,far,0.008786724589706437
385,fare,0.0021859652566122937
386,favorite,0.002299343200793123
387,feel,0.005306015617803653
388,feeling,0.007342960893025541
389,felt,0.004535049444930762
390,female,0.004190923600992729
391,feral,0.0014368096739100728
392,fierce,0.002551527220692189
393,fil,0.007727778099186655
394,filthy,0.0030026689274331862
395,filum,0.003438469521325432
396,finally,0.003487499383090602
397,fine,0.005325705719902606
398,finger,0.002551527220692189
399,firehouse,0.0014368096739100728
400,firstly,0.0015952889597904577
401,fish,0.002882745633788579
402,fitting,0.0014368096739100728
403,fix,0.004190923600992729
404,fixed,0.002299343200793123
405,flag,0.0030399879854010443
406,flavorful,0.003222174582537362
407,flavorless,0.003222174582537362
408,flight,0.0014368096739100728
409,flithy,0.0060053378548663725
410,fluffy,0.006319546986606542
411,fly,0.0021859652566122937
412,flying,0.004371930513224587
413,focus,0.002299343200793123
414,foil,0.009302083079369278
415,folk,0.0021859652566122937
416,follow,0.0014368096739100728
417,foods,0.0034501590000341783
418,footage,0.0052901372273382215
419,forced,0.0038163942413324383
420,forget,0.004042340536301816
421,fork,0.006898029602379369
422,forthcoming,0.002714551837998043
423,forward,0.004560636455481702
424,fought,0.003054899876965973
425,franchise,0.002505857188724653
426,free,0.02073925936568987
427,freezer,0.003054899876965973
428,frequent,0.0038163942413324383
429,fresh,0.012281439215549418
430,freshness,0.0021859652566122937
431,friend,0.0028736193478201455
432,friendly,0.006467214004098721
433,frier,0.004147987952814635
434,fries,0.008660671162963051
435,fuck,0.004402097961494715
436,fucking,0.004402097961494715
437,fully,0.0014368096739100728
438,future,0.0014368096739100728
439,galleria,0.0021859652566122937
440,garbage,0.0015952889597904577
441,gee,0.002714551837998043
442,generally,0.002505857188724653
443,generous,0.004408978559355597
444,georgia,0.0014368096739100728
445,gestures,0.003428652078586774
446,getting,0.0038163942413324383
447,gi,0.002551527220692189
448,gig,0.0015952889597904577
449,girl,0.004147987952814635
450,given,0.015782563215990437
451,giving,0.007249708066676307
452,glad,0.012672945175884201
453,glair,0.0014368096739100728
454,glaze,0.011002444412774159
455,glazed,0.00259309972131155
456,glisan,0.002551527220692189
457,glorious,0.003054899876965973
458,glove,0.013184535917794416
459,goodness,0.007817121683235319
460,gotten,0.008916199252461135
461,government,0.0014368096739100728
462,grab,0.008679978782205777
463,grandmother,0.006561792179168247
464,granted,0.0019824732737634796
465,gravy,0.003964946547526959
466,grease,0.0014368096739100728
467,greasy,0.010578803340623926
468,great,0.019634672935293283
469,greet,0.006985054186028314
470,greeted,0.004190923600992729
471,gross,0.007411584726481628
472,guarantee,0.003438469521325432
473,guess,0.004883456172774588
474,guessing,0.003428652078586774
475,guy,0.004190923600992729
476,hadn,0.0052901372273382215
477,half,0.012263032883600675
478,hand,0.0055470280554516145
479,handled,0.002882745633788579
480,hanging,0.0068100878689423515
481,hankering,0.0015952889597904577
482,happening,0.0014368096739100728
483,happier,0.0038163942413324383
484,happy,0.002882745633788579
485,hasn,0.008207098870544667
486,hate,0.005811566686507412
487,having,0.012573845368752935
488,hawaiian,0.002551527220692189
489,headache,0.0014368096739100728
490,headed,0.0015952889597904577
491,health,0.013184535917794416
492,hear,0.004147987952814635
493,heard,0.003428652078586774
494,heart,0.004840885307429741
495,hearty,0.004110092434663622
496,heat,0.007096436505370676
497,heater,0.0034258402929175295
498,heck,0.00645619081303149
499,hell,0.0015952889597904577
500,help,0.003487499383090602
501,hey,0.003712129346484172
502,high,0.010885771120472766
503,highway,0.0014368096739100728
504,hike,0.0014368096739100728
505,hippy,0.0015952889597904577
506,hired,0.002714551837998043
507,hit,0.004594160894164038
508,hold,0.003487499383090602
509,holding,0.0015952889597904577
510,holes,0.002714551837998043
511,honestly,0.003712129346484172
512,honey,0.0019824732737634796
513,hope,0.008640025971021158
514,hopefully,0.002551527220692189
515,horrible,0.008516551663262786
516,horribly,0.0021859652566122937
517,horseman,0.0014368096739100728
518,hott,0.01043406689874408
519,hour,0.0059658174092495
520,house,0.0014368096739100728
521,huge,0.007663671995573237
522,hungover,0.0014368096739100728
523,husband,0.0019824732737634796
524,hush,0.002882745633788579
525,hybrid,0.003054899876965973
526,ice,0.015530625128299851
527,ideal,0.002299343200793123
528,ignored,0.0015952889597904577
529,ignoring,0.004560636455481702
530,im,0.007411584726481628
531,image,0.0014368096739100728
532,immaculate,0.004569717729836361
533,immediately,0.004885995084750325
534,important,0.002505857188724653
535,impressed,0.003487499383090602
536,impression,0.003428652078586774
537,impressive,0.0030399879854010443
538,include,0.0019824732737634796
539,info,0.002714551837998043
540,inhale,0.0014368096739100728
541,intended,0.003222174582537362
542,interested,0.002882745633788579
543,interesting,0.0014368096739100728
544,internet,0.0040307724289475825
545,irritating,0.005529350620492983
546,issues,0.002299343200793123
547,items,0.004840885307429741
548,joking,0.0038163942413324383
549,juicy,0.01006700390747186
550,junk,0.0021859652566122937
551,kentucky,0.009692957995671912
552,kept,0.0037443825740242883
553,key,0.003428652078586774
554,kick,0.0036511161336242708
555,kid,0.01249233458826396
556,kind,0.008708440805216568
557,king,0.0015952889597904577
558,kings,0.002551527220692189
559,kitchen,0.004569717729836361
560,knew,0.0073022322672485415
561,knowing,0.004402097961494715
562,kyle,0.002882745633788579
563,lacking,0.004933168445710518
564,lady,0.010752522382505292
565,lamp,0.004408978559355597
566,landed,0.00521703344937204
567,large,0.01094453499849549
568,late,0.003487499383090602
569,later,0.003601283133256393
570,laugh,0.0015952889597904577
571,lazy,0.004402097961494715
572,le,0.00783138486764662
573,lead,0.002882745633788579
574,leave,0.0014368096739100728
575,leg,0.0014368096739100728
576,legendary,0.003054899876965973
577,lemonade,0.0019824732737634796
578,lemonde,0.0019824732737634796
579,lesson,0.0030026689274331862
580,let,0.00957980603532603
581,lettuce,0.0052901372273382215
582,level,0.0036511161336242708
583,lick,0.0014368096739100728
584,lickin,0.002551527220692189
585,lid,0.004190923600992729
586,lieutenant,0.003054899876965973
587,life,0.008902098052743411
588,light,0.0043104290217302185
589,lighting,0.0014368096739100728
590,liked,0.008934281709024949
591,line,0.009941647955628312
592,listened,0.0040307724289475825
593,listening,0.0014368096739100728
594,literally,0.002551527220692189
595,littles,0.002882745633788579
596,loathing,0.0036511161336242708
597,local,0.007660661500065308
598,locations,0.0030026689274331862
599,looked,0.009836642109304954
600,looking,0.01081856011431159
601,lot,0.01355652955661952
602,louder,0.0031905779195809153
603,love,0.013442330457564286
604,loved,0.003428652078586774
605,lower,0.003054899876965973
606,lukewarm,0.003054899876965973
607,lunch,0.014414502380188092
608,luxurious,0.003054899876965973
609,mac,0.006162337074100731
610,mad,0.005764389832455615
611,mainly,0.003222174582537362
612,majority,0.004408978559355597
613,making,0.002299343200793123
614,manager,0.0064389896145818915
615,market,0.002551527220692189
616,mashed,0.01585538896408109
617,massive,0.004840885307429741
618,match,0.003438469521325432
619,matter,0.0030399879854010443
620,mattered,0.0019824732737634796
621,maybe,0.00521703344937204
622,mayo,0.01153428742974569
623,mayonnaise,0.005456782182202625
624,mc,0.0034501590000341783
625,mcdonald,0.0034501590000341783
626,mean,0.007178801701633751
627,meant,0.0019824732737634796
628,meat,0.008236173181456698
629,meats,0.0030026689274331862
630,mediocre,0.0021859652566122937
631,medium,0.00882396332799609
632,meh,0.004110092434663622
633,melted,0.0034258402929175295
634,melting,0.00440565085486565
635,memorable,0.004371930513224587
636,mess,0.01043501867421364
637,middle,0.00543482351820904
638,mildly,0.004248284861049608
639,million,0.0030026689274331862
640,mind,0.0057192658149855646
641,miss,0.005529350620492983
642,mission,0.003438469521325432
643,mist,0.003964946547526959
644,mistake,0.002299343200793123
645,mobile,0.0040307724289475825
646,mod,0.002882745633788579
647,model,0.002714551837998043
648,modern,0.0015952889597904577
649,modify,0.002551527220692189
650,moist,0.003222174582537362
651,mom,0.00880419592298943
652,moment,0.0014368096739100728
653,money,0.003964946547526959
654,monstrosity,0.002714551837998043
655,month,0.008550257411828518
656,months,0.0014368096739100728
657,mood,0.0034501590000341783
658,mother,0.004402097961494715
659,mountain,0.003087453826669767
660,movement,0.004560636455481702
661,moving,0.0014368096739100728
662,mustard,0.0019824732737634796
663,named,0.003054899876965973
664,near,0.002551527220692189
665,need,0.012673902251559906
666,needed,0.005916324415591159
667,needless,0.002882745633788579
668,nicer,0.005846703056562286
669,night,0.010942824839310064
670,norm,0.0034501590000341783
671,normal,0.009906678317217733
672,normally,0.005162975958263094
673,north,0.0014368096739100728
674,note,0.004190923600992729
675,notice,0.0014368096739100728
676,noticed,0.003438469521325432
677,number,0.0034258402929175295
678,oakridge,0.0034501590000341783
679,offense,0.00440565085486565
680,offer,0.011456884542389686
681,offered,0.005707763943062532
682,offering,0.013184535917794416
683,offerings,0.003712129346484172
684,oh,0.006775266383234106
685,oink,0.0038163942413324383
686,okay,0.008661765512124693
687,old,0.008631182073235776
688,onion,0.0015952889597904577
689,open,0.0030026689274331862
690,opened,0.005846703056562286
691,opening,0.0015952889597904577
692,opinion,0.002551527220692189
693,opposite,0.0019824732737634796
694,option,0.01122594553111026
695,orange,0.003222174582537362
696,ordering,0.004131530080733165
697,orders,0.008096141352147458
698,ordinary,0.0052901372273382215
699,outrageous,0.004110092434663622
700,outside,0.004393286176121379
701,outstanding,0.005162975958263094
702,outta,0.0031905779195809153
703,overall,0.005667906943317083
704,overcooked,0.004408978559355597
705,overpriced,0.0060799759708020885
706,pageant,0.0034501590000341783
707,paid,0.009981724939144601
708,paper,0.0015952889597904577
709,passing,0.0030399879854010443
710,past,0.0014368096739100728
711,pasture,0.003054899876965973
712,pay,0.009033022484217532
713,pc,0.0019824732737634796
714,pdf,0.0014368096739100728
715,penchant,0.0015952889597904577
716,pepper,0.004190923600992729
717,pepsi,0.008220184869327244
718,perfect,0.002551527220692189
719,perfectly,0.002551527220692189
720,person,0.007710341184765941
721,personally,0.004840885307429741
722,phone,0.003087453826669767
723,photo,0.0046916108621751
724,pick,0.0034258402929175295
725,picking,0.0040307724289475825
726,pickle,0.008659837459059207
727,pickles,0.00259309972131155
728,pictured,0.004933168445710518
729,pie,0.003712129346484172
730,piece,0.017959324982718787
731,pieces,0.002505857188724653
732,pizza,0.0015952889597904577
733,placed,0.008152515723545934
734,places,0.003438469521325432
735,plain,0.00457681071567903
736,planing,0.0014368096739100728
737,plank,0.0019824732737634796
738,plant,0.006149684282755503
739,plate,0.0019824732737634796
740,play,0.0014368096739100728
741,playing,0.0015952889597904577
742,pleasantry,0.003428652078586774
743,plentiful,0.002551527220692189
744,plenty,0.004190923600992729
745,plunge,0.0034501590000341783
746,pm,0.0014368096739100728
747,po,0.0030026689274331862
748,point,0.010291334374646995
749,polite,0.008788170745440228
750,politely,0.0034258402929175295
751,pool,0.0014368096739100728
752,poor,0.0036511161336242708
753,popcorn,0.013326990130492797
754,popeye,0.00259309972131155
755,popeyes,0.014827712704163937
756,popular,0.0019824732737634796
757,portion,0.007411584726481628
758,portland,0.002551527220692189
759,portuguese,0.00880419592298943
760,possible,0.0046916108621751
761,pot,0.003712129346484172
762,potatoes,0.005449772873233576
763,pounding,0.0014368096739100728
764,pour,0.0014368096739100728
765,pours,0.0014368096739100728
766,poutine,0.0073022322672485415
767,powder,0.0014368096739100728
768,practices,0.004569717729836361
769,prefer,0.004840885307429741
770,prep,0.002299343200793123
771,prepared,0.008417980214831557
772,previous,0.002299343200793123
773,priced,0.005048878751517388
774,problem,0.012877178416521648
775,product,0.0021859652566122937
776,profile,0.0014368096739100728
777,promised,0.005162975958263094
778,promo,0.0034501590000341783
779,prompt,0.004248284861049608
780,prompted,0.0015952889597904577
781,proper,0.003438469521325432
782,pros,0.00259309972131155
783,protein,0.0015952889597904577
784,protip,0.0036511161336242708
785,provide,0.002551527220692189
786,provided,0.0030399879854010443
787,pull,0.00829597590562927
788,pulled,0.006905536516450433
789,puppy,0.002882745633788579
790,quality,0.0021859652566122937
791,question,0.005452960776438736
792,queue,0.004560636455481702
793,quick,0.008844688535835199
794,quite,0.008668212994495
795,rain,0.0015952889597904577
796,raincoat,0.004785866879371373
797,raised,0.0015952889597904577
798,raisin,0.0030026689274331862
799,ramen,0.003054899876965973
800,range,0.006105203463675782
801,rate,0.004206846578973477
802,rating,0.002551527220692189
803,rave,0.002714551837998043
804,raw,0.0093832217243502
805,reach,0.0014368096739100728
806,ready,0.01373093466111711
807,real,0.0015952889597904577
808,reality,0.002714551837998043
809,reason,0.005408689086542186
810,reasonable,0.002505857188724653
811,rebrand,0.003712129346484172
812,receipt,0.004190923600992729
813,received,0.005408689086542186
814,recent,0.0052901372273382215
815,recession,0.003054899876965973
816,recipe,0.012709664485800841
817,recognize,0.0038163942413324383
818,recommend,0.009691532805179082
819,recommendations,0.003428652078586774
820,red,0.004042340536301816
821,redeeming,0.002714551837998043
822,redo,0.002882745633788579
823,refuge,0.0015952889597904577
824,regardless,0.004840885307429741
825,regular,0.01182446406677219
826,relatively,0.0034501590000341783
827,relax,0.0019824732737634796
828,remember,0.01556609799610754
829,remembers,0.0015952889597904577
830,reminded,0.0037443825740242883
831,removed,0.002299343200793123
832,renamed,0.003054899876965973
833,rep,0.013184535917794416
834,repeat,0.0014368096739100728
835,repeated,0.005213384794189049
836,repeating,0.0015952889597904577
837,replaced,0.002299343200793123
838,reply,0.006851680585835059
839,reserve,0.002714551837998043
840,resort,0.0015952889597904577
841,restaurant,0.00440565085486565
842,restaurants,0.0031905779195809153
843,retains,0.0034501590000341783
844,return,0.006839292420633197
845,returned,0.006839292420633197
846,reviewer,0.0040307724289475825
847,reviewing,0.0038163942413324383
848,reviews,0.003428652078586774
849,rewatching,0.0014368096739100728
850,ridiculous,0.0046916108621751
851,ring,0.0015952889597904577
852,ripped,0.004110092434663622
853,river,0.002551527220692189
854,rock,0.009184082832513905
855,room,0.0028736193478201455
856,roommate,0.0015952889597904577
857,ruined,0.003487499383090602
858,run,0.0067199138585460755
859,runny,0.00259309972131155
860,sad,0.012769882291513063
861,safe,0.0014368096739100728
862,salt,0.004598686401586246
863,saltier,0.0051861994426231
864,sander,0.003054899876965973
865,sandwiches,0.015938932673306653
866,sang,0.006105203463675782
867,satisfaction,0.0030399879854010443
868,satisfy,0.0015952889597904577
869,saying,0.0060053378548663725
870,scary,0.013184535917794416
871,scientist,0.0014368096739100728
872,screaming,0.002882745633788579
873,screw,0.005529350620492983
874,seasoned,0.004598686401586246
875,seasoning,0.004598686401586246
876,second,0.004147987952814635
877,secret,0.006550805308822415
878,security,0.0052901372273382215
879,seeking,0.0015952889597904577
880,seen,0.004147987952814635
881,select,0.002551527220692189
882,selection,0.0021859652566122937
883,self,0.0073022322672485415
884,semi,0.0040307724289475825
885,send,0.0046916108621751
886,sent,0.0052901372273382215
887,separate,0.005011714377449306
888,served,0.003222174582537362
889,server,0.0034258402929175295
890,set,0.003712129346484172
891,settle,0.0019824732737634796
892,shift,0.0014368096739100728
893,shining,0.0014368096739100728
894,shit,0.0014368096739100728
895,shot,0.0014368096739100728
896,shouldn,0.0034258402929175295
897,showed,0.004402097961494715
898,sick,0.0019824732737634796
899,sierra,0.003964946547526959
900,sign,0.0015952889597904577
901,simple,0.002551527220692189
902,simply,0.0072269783326413504
903,sing,0.002882745633788579
904,sir,0.0019824732737634796
905,sit,0.0014368096739100728
906,sitting,0.013301137877285454
907,size,0.010196397045275772
908,skills,0.0034258402929175295
909,skin,0.002505857188724653
910,skip,0.003054899876965973
911,slapped,0.002299343200793123
912,slaw,0.008648236901365736
913,sleeping,0.0015952889597904577
914,slice,0.0034258402929175295
915,slider,0.002551527220692189
916,slow,0.009769495437960674
917,slowest,0.005529350620492983
918,small,0.008954524901893812
919,smaller,0.007789161455707478
920,smallest,0.002714551837998043
921,smell,0.0015952889597904577
922,smile,0.003487499383090602
923,smokie,0.00521703344937204
924,snack,0.002299343200793123
925,snacker,0.01043406689874408
926,snapped,0.003487499383090602
927,snarky,0.003487499383090602
928,social,0.0034258402929175295
929,soda,0.003222174582537362
930,soft,0.002505857188724653
931,softer,0.002299343200793123
932,soggy,0.004408978559355597
933,sold,0.0074220098031433125
934,solid,0.007963829748272587
935,somewhat,0.007038860183204694
936,sonic,0.002551527220692189
937,soon,0.0014368096739100728
938,soory,0.0015952889597904577
939,sorry,0.0030026689274331862
940,sort,0.008007007089007494
941,southern,0.004198904723152322
942,speak,0.004840885307429741
943,speaker,0.004933168445710518
944,special,0.007472421994183438
945,speck,0.0014368096739100728
946,speed,0.003428652078586774
947,spending,0.0015952889597904577
948,spent,0.0019824732737634796
949,spicier,0.003222174582537362
950,splattered,0.0014368096739100728
951,spoiler,0.0030399879854010443
952,spoke,0.002882745633788579
953,spoon,0.004598686401586246
954,spoonful,0.002299343200793123
955,spot,0.0075237041524579135
956,spotless,0.004569717729836361
957,squished,0.002505857188724653
958,stair,0.0014368096739100728
959,stale,0.004408978559355597
960,standards,0.004371930513224587
961,standing,0.007267093180827478
962,stars,0.006766440692850486
963,start,0.004042340536301816
964,started,0.00712394027788693
965,states,0.003054899876965973
966,status,0.0052901372273382215
967,stay,0.0038163942413324383
968,staying,0.0014368096739100728
969,stick,0.008936795511483343
970,stocked,0.002505857188724653
971,stomach,0.003087453826669767
972,stopped,0.006253828514508956
973,stories,0.0015952889597904577
974,straight,0.002714551837998043
975,street,0.0014368096739100728
976,stroll,0.0015952889597904577
977,stuck,0.006105203463675782
978,stuff,0.0032711976439431106
979,stupid,0.004402097961494715
980,style,0.003601283133256393
981,subs,0.0014368096739100728
982,substitute,0.0015952889597904577
983,suck,0.0021859652566122937
984,sucked,0.0015952889597904577
985,sucks,0.005764389832455615
986,sum,0.0030399879854010443
987,sun,0.0028736193478201455
988,sunday,0.00259309972131155
989,super,0.0051861994426231
990,supposed,0.002505857188724653
991,supreme,0.0021859652566122937
992,sure,0.016062480378008292
993,surprise,0.004402097961494715
994,surprisingly,0.0055664478074694615
995,surrender,0.0030399879854010443
996,sweet,0.0076061623526544435
997,sweetness,0.004645359387319792
998,swimming,0.0033735726661269934
999,taco,0.0217804212285126
1000,tacohell,0.0015952889597904577
1001,tacos,0.0015952889597904577
1002,tacosmell,0.0015952889597904577
1003,tag,0.002714551837998043
1004,taken,0.009749022299798809
1005,taking,0.007690067871827612
1006,talk,0.005358586471831565
1007,tasted,0.010641439628964055
1008,tasting,0.005846703056562286
1009,tea,0.004408978559355597
1010,teenager,0.004402097961494715
1011,teeny,0.002714551837998043
1012,tell,0.006744378863815062
1013,temperature,0.004933168445710518
1014,tempted,0.002714551837998043
1015,tender,0.013777518070997242
1016,tenderloin,0.005162975958263094
1017,tenders,0.009490813683444673
1018,terrible,0.010289463832355492
1019,test,0.0014368096739100728
1020,tested,0.002551527220692189
1021,text,0.0019824732737634796
1022,thank,0.0034258402929175295
1023,thanks,0.006008113384793461
1024,thats,0.0034501590000341783
1025,thee,0.004110092434663622
1026,therapist,0.0036511161336242708
1027,thicker,0.002299343200793123
1028,thigh,0.010023428754898612
1029,thing,0.011274696307141308
1030,things,0.010206909894821892
1031,think,0.011540706712596766
1032,thinking,0.004589522001991059
1033,thirteen,0.0038163942413324383
1034,thirty,0.0038163942413324383
1035,thou,0.004110092434663622
1036,threat,0.003438469521325432
1037,threw,0.0052901372273382215
1038,throw,0.0038163942413324383
1039,throwing,0.003087453826669767
1040,tilapia,0.003054899876965973
1041,tilted,0.0014368096739100728
1042,tim,0.0015952889597904577
1043,times,0.005959300156518837
1044,tiny,0.0111074458930478
1045,tip,0.0014368096739100728
1046,tired,0.003712129346484172
1047,toilet,0.0014368096739100728
1048,tone,0.003428652078586774
1049,took,0.012255499042120324
1050,tortilla,0.004371930513224587
1051,total,0.003438469521325432
1052,tough,0.00755920059040599
1053,toured,0.0015952889597904577
1054,town,0.0015952889597904577
1055,train,0.003428652078586774
1056,transaction,0.0034258402929175295
1057,tray,0.0015952889597904577
1058,treat,0.006694979907134866
1059,tried,0.012455077378855314
1060,triggering,0.0014368096739100728
1061,trip,0.0036511161336242708
1062,true,0.0021859652566122937
1063,truly,0.0036511161336242708
1064,trying,0.00971199994145918
1065,tuesday,0.005011714377449306
1066,turn,0.006581083804279063
1067,turnover,0.0021859652566122937
1068,tv,0.002714551837998043
1069,twice,0.004190923600992729
1070,twit,0.0034258402929175295
1071,tx,0.002882745633788579
1072,typical,0.002714551837998043
1073,uber,0.0014368096739100728
1074,ultimately,0.002714551837998043
1075,uncertain,0.0014368096739100728
1076,undecided,0.004147987952814635
1077,understandable,0.002505857188724653
1078,underwhelmed,0.004110092434663622
1079,unfortunately,0.007856790199612168
1080,united,0.003054899876965973
1081,unless,0.006703168617207329
1082,upwards,0.0014368096739100728
1083,use,0.0046916108621751
1084,used,0.010215525100078749
1085,usual,0.0036511161336242708
1086,value,0.002551527220692189
1087,van,0.0015952889597904577
1088,vancouver,0.002551527220692189
1089,veggie,0.0021859652566122937
1090,venture,0.0014368096739100728
1091,version,0.004985674327059649
1092,view,0.0014368096739100728
1093,village,0.002505857188724653
1094,violins,0.004110092434663622
1095,visit,0.01179482815301119
1096,visited,0.008496569722099216
1097,visits,0.002505857188724653
1098,voice,0.003428652078586774
1099,vomit,0.0014368096739100728
1100,vs,0.00259309972131155
1101,waited,0.01672244959521063
1102,walked,0.017237461945969867
1103,wanted,0.012491977962317092
1104,war,0.005048878751517388
1105,warm,0.005981049164592668
1106,warmer,0.005180978619412786
1107,warmth,0.00440565085486565
1108,wasnt,0.002551527220692189
1109,waste,0.0019824732737634796
1110,watering,0.002714551837998043
1111,wave,0.0030399879854010443
1112,week,0.007282030980341773
1113,weight,0.0060799759708020885
1114,weird,0.004973943454493429
1115,welcoming,0.0063889158026724
1116,wellbeing,0.013184535917794416
1117,wendy,0.006384568528790264
1118,weren,0.006561792179168247
1119,wet,0.004190923600992729
1120,whipped,0.0014368096739100728
1121,whitish,0.002505857188724653
1122,wife,0.002882745633788579
1123,willing,0.004147987952814635
1124,win,0.0034501590000341783
1125,wing,0.0040307724289475825
1126,wise,0.0034501590000341783
1127,woman,0.0034258402929175295
1128,won,0.010328837850441882
1129,wondering,0.004248284861049608
1130,wood,0.0014368096739100728
1131,word,0.005086869802792983
1132,work,0.012174902703477297
1133,worker,0.005558514978413031
1134,working,0.007670139421725993
1135,world,0.00710926145582867
1136,worrying,0.002299343200793123
1137,worse,0.004352377036955365
1138,worst,0.007595732546283452
1139,worth,0.01183028051783287
1140,worthy,0.003712129346484172
1141,wouldn,0.016294698929339314
1142,wrap,0.0034501590000341783
1143,wrapped,0.0015952889597904577
1144,wtf,0.0015952889597904577
1145,ya,0.006381155839161831
1146,year,0.008490508892159649
1147,years,0.003438469521325432
1148,yeast,0.00259309972131155
1149,yelp,0.002714551837998043
1150,yelping,0.002714551837998043
1151,yesterday,0.0019824732737634796
1152,young,0.0034258402929175295
1153,yum,0.002505857188724653
1154,zero,0.0046916108621751
1155,zinger,0.0046916108621751
1156,zone,0.003054899876965973
1157,zoom,0.0014368096739100728
